paper_id,primary_category,year,total_token_count,matched_token_count,coverage,mean_happiness
2604.22748,cs.AI,2026,230,175,0.7608695652173914,5.4604000000000035
2604.22736,cs.LO,2026,93,82,0.8817204301075269,5.24487804878049
2604.22722,cs.IR,2026,164,98,0.5975609756097561,5.326122448979595
2604.22693,cs.CL,2026,196,128,0.6530612244897959,5.489843750000003
2604.22679,cs.CY,2026,236,181,0.7669491525423728,5.332375690607738
2604.22662,cs.LG,2026,174,120,0.6896551724137931,5.341916666666669
2604.22601,cs.SE,2026,213,143,0.6713615023474179,5.513076923076927
2604.22597,cs.AI,2026,169,137,0.8106508875739645,5.58627737226278
2604.22577,cs.AI,2026,172,119,0.6918604651162791,5.353781512605047
2604.22565,cs.CL,2026,172,116,0.6744186046511628,5.38224137931035
2604.22562,cs.LG,2026,158,106,0.6708860759493671,5.593962264150948
2604.2256,cs.CV,2026,233,144,0.6180257510729614,5.469236111111116
2604.22558,cs.LG,2026,180,121,0.6722222222222223,5.538595041322317
2604.22551,cs.RO,2026,242,172,0.7107438016528925,5.490232558139538
2604.2255,cs.CR,2026,252,152,0.6031746031746031,5.354868421052634
2604.22542,cs.CL,2026,188,137,0.7287234042553191,5.53328467153285
2604.2254,cs.LG,2026,188,144,0.7659574468085106,5.421597222222225
2604.22534,cs.LG,2026,183,131,0.7158469945355191,5.497709923664123
2604.22498,cs.CV,2026,178,103,0.5786516853932584,5.581359223300973
2604.22455,cs.AI,2026,261,216,0.8275862068965517,5.325787037037041
2604.22452,cs.AI,2026,195,163,0.8358974358974359,5.463865030674848
2604.22446,cs.AI,2026,243,167,0.6872427983539094,5.418682634730544
2604.22438,cs.CR,2026,218,163,0.7477064220183486,5.470490797546014
2604.22436,cs.AI,2026,183,133,0.726775956284153,5.31368421052632
2604.22428,cs.AI,2026,163,112,0.6871165644171779,5.210982142857145
2604.22422,cs.DB,2026,241,191,0.7925311203319502,5.235968586387441
2604.22416,cs.LG,2026,238,174,0.7310924369747899,5.366494252873566
2604.22413,cs.LG,2026,171,125,0.7309941520467836,5.331120000000004
2604.22411,cs.AI,2026,136,105,0.7720588235294118,5.458285714285715
2604.22407,cs.LG,2026,200,143,0.715,5.217272727272729
2604.22367,cs.CL,2026,196,143,0.7295918367346939,5.648251748251751
2604.22363,cs.RO,2026,157,103,0.6560509554140127,5.44077669902913
2604.22333,cs.CV,2026,242,159,0.6570247933884298,5.349748427672959
2604.22328,cs.LG,2026,252,206,0.8174603174603174,5.647378640776705
2604.22306,cs.LO,2026,119,94,0.7899159663865546,5.568936170212767
2604.22294,cs.CL,2026,203,140,0.6896551724137931,5.377928571428573
2604.22292,cs.CL,2026,153,110,0.7189542483660131,5.40336363636364
2604.22273,cs.AI,2026,206,140,0.6796116504854369,5.19314285714286
2604.22269,cs.IT,2026,208,141,0.6778846153846154,5.273333333333339
2604.2226,cs.CV,2026,241,167,0.6929460580912863,5.531017964071856
2604.22258,cs.LG,2026,126,91,0.7222222222222222,5.356813186813189
2604.22256,cs.SC,2026,142,106,0.7464788732394366,5.691981132075473
2604.22239,cs.CL,2026,194,136,0.7010309278350515,5.445661764705884
2604.22237,cs.CL,2026,144,117,0.8125,5.5558119658119685
2604.22235,cs.RO,2026,176,134,0.7613636363636364,5.393731343283584
2604.22229,cs.LG,2026,238,186,0.7815126050420168,5.430268817204304
2604.22227,cs.CY,2026,240,163,0.6791666666666667,5.531963190184056
2604.22215,cs.CL,2026,221,165,0.746606334841629,5.334060606060607
2604.22209,eess.AS,2026,190,124,0.6526315789473685,5.595806451612904
2604.22207,cs.SE,2026,238,187,0.7857142857142857,5.524064171123002
2604.22199,cs.RO,2026,248,195,0.7862903225806451,5.483179487179492
2604.2219,cs.CV,2026,186,117,0.6290322580645161,5.432136752136753
2604.2218,cs.IR,2026,258,171,0.6627906976744186,5.476023391812867
2604.22169,cs.LG,2026,222,145,0.6531531531531531,5.4233103448275894
2604.22167,cs.LG,2026,229,169,0.7379912663755459,5.4522485207100635
2604.2216,cs.CV,2026,239,171,0.7154811715481172,5.5433918128655
2604.22157,cs.CR,2026,192,145,0.7552083333333334,5.458137931034486
2604.22154,cs.LG,2026,212,153,0.7216981132075472,5.307516339869286
2604.22153,cs.CL,2026,226,185,0.8185840707964602,5.508594594594599
2604.22119,cs.AI,2026,165,124,0.7515151515151515,5.458064516129036
2604.22117,cs.LG,2026,266,183,0.6879699248120301,5.2850819672131175
2604.22109,cs.HC,2026,244,199,0.8155737704918032,5.516180904522619
2604.22102,cs.RO,2026,230,178,0.7739130434782608,5.487528089887641
2604.22089,cs.SE,2026,198,168,0.8484848484848485,5.426666666666669
2604.22085,cs.AI,2026,236,157,0.6652542372881356,5.418662420382168
2604.22082,cs.LG,2026,195,144,0.7384615384615385,5.4515277777777795
2604.2208,cs.AI,2026,168,139,0.8273809523809523,5.286258992805761
2604.22072,cs.DC,2026,180,120,0.6666666666666666,5.369583333333335
2604.22067,cs.CL,2026,237,190,0.8016877637130801,5.305631578947371
2604.22063,cs.LG,2026,255,182,0.7137254901960784,5.279230769230774
2604.22061,cs.CL,2026,217,141,0.6497695852534562,5.444751773049648
2604.22046,cs.SE,2026,175,127,0.7257142857142858,5.534251968503942
2604.22045,cs.CV,2026,219,156,0.7123287671232876,5.490000000000004
2604.22036,cs.CV,2026,211,170,0.8056872037914692,5.460411764705881
2604.22031,cs.LG,2026,159,111,0.6981132075471698,5.410000000000003
2604.22027,cs.CL,2026,213,181,0.8497652582159625,5.405248618784536
2604.22026,cs.AI,2026,241,185,0.7676348547717843,5.507027027027032
2604.22018,q-bio.NC,2026,217,148,0.6820276497695853,5.421891891891894
2604.21999,cs.LG,2026,227,162,0.7136563876651982,5.3476543209876555
2604.21991,cs.LG,2026,176,131,0.7443181818181818,5.401221374045805
2604.21989,math.OC,2026,134,107,0.7985074626865671,5.323364485981311
2604.21931,cs.CV,2026,218,180,0.8256880733944955,5.62577777777778
2604.21965,cs.AI,2026,152,123,0.8092105263157895,5.387967479674799
2604.21911,cs.CV,2026,204,144,0.7058823529411765,5.4701388888888935
2604.2191,cs.AI,2026,166,102,0.6144578313253012,5.462352941176471
2604.21903,cs.LG,2026,222,164,0.7387387387387387,5.363109756097564
2604.21901,cs.CL,2026,133,101,0.7593984962406015,5.517425742574258
2604.21896,cs.AI,2026,221,150,0.6787330316742082,5.689000000000002
2604.21891,eess.SY,2026,231,160,0.6926406926406926,5.381625000000005
2604.21889,cs.CL,2026,213,159,0.7464788732394366,5.419559748427676
2604.21885,cs.CL,2026,169,117,0.6923076923076923,5.461367521367521
2604.21879,cs.CV,2026,234,180,0.7692307692307693,5.482611111111117
2604.21863,quant-ph,2026,229,147,0.6419213973799127,5.337755102040817
2604.2186,cs.CR,2026,194,129,0.6649484536082474,5.337829457364344
2604.21854,cs.AI,2026,257,208,0.8093385214007782,5.191490384615387
2604.2184,cs.CR,2026,221,143,0.6470588235294118,5.366293706293711
2604.21836,q-bio.NC,2026,215,156,0.7255813953488373,5.546794871794879
2604.21827,cs.AI,2026,171,143,0.8362573099415205,5.49601398601399
2604.21816,cs.AI,2026,297,207,0.696969696969697,5.352028985507247
2604.21814,cs.CV,2026,234,161,0.688034188034188,5.457515527950314
2604.21811,cs.LG,2026,167,137,0.8203592814371258,5.461313868613139
2604.21809,cs.LG,2026,169,139,0.8224852071005917,5.393237410071944
2604.21961,cs.LO,2026,197,151,0.766497461928934,5.194569536423844
2604.21801,cs.CV,2026,203,126,0.6206896551724138,5.4684126984127
2604.21794,cs.AI,2026,153,105,0.6862745098039216,5.671904761904765
2604.21793,cs.AI,2026,196,163,0.8316326530612245,5.385582822085896
2604.21769,cs.AI,2026,185,143,0.772972972972973,5.429370629370632
2604.21764,cs.AI,2026,118,91,0.7711864406779662,5.626593406593408
2604.21751,cs.CL,2026,182,147,0.8076923076923077,5.397210884353743
2604.21748,cs.CL,2026,120,82,0.6833333333333333,5.353902439024394
2604.21744,cs.SE,2026,205,151,0.7365853658536585,5.493907284768213
2604.21743,cs.AI,2026,175,129,0.7371428571428571,5.6038759689922495
2604.21733,cs.AI,2026,225,173,0.7688888888888888,5.475144508670524
2604.21725,cs.CL,2026,233,168,0.721030042918455,5.382738095238098
2604.21711,cs.LG,2026,252,184,0.7301587301587301,5.245217391304351
2604.217,cs.CR,2026,243,159,0.654320987654321,5.204465408805034
2604.21694,cs.CV,2026,180,132,0.7333333333333333,5.508181818181822
2604.21677,cs.LG,2026,235,146,0.6212765957446809,5.339863013698633
2604.21667,cs.CL,2026,182,106,0.5824175824175825,5.634622641509437
2604.21654,cs.CV,2026,214,146,0.6822429906542056,5.5858219178082225
2604.21651,cs.LG,2026,176,137,0.7784090909090909,5.496934306569346
2604.21649,cs.AI,2026,207,130,0.6280193236714976,5.529307692307695
2604.2164,cs.LG,2026,233,169,0.7253218884120172,5.4846153846153864
2604.21632,cs.AI,2026,232,183,0.7887931034482759,5.269945355191259
2604.21629,cs.LG,2026,137,99,0.7226277372262774,5.650808080808081
2604.21611,cs.CL,2026,183,128,0.6994535519125683,5.480390625000005
2604.21603,cs.LO,2026,147,102,0.6938775510204082,5.4397058823529445
2604.21602,cs.NE,2026,195,152,0.7794871794871795,5.460657894736848
2604.21598,cs.SE,2026,229,167,0.7292576419213974,5.287724550898207
2604.21584,cs.AI,2026,258,209,0.810077519379845,5.519617224880387
2604.21579,cs.SE,2026,217,164,0.7557603686635944,5.50024390243903
2604.21571,cs.AI,2026,171,103,0.6023391812865497,5.4173786407766995
2604.21567,cs.LG,2026,202,138,0.6831683168316832,5.302826086956526
2604.21556,cs.AI,2026,177,135,0.7627118644067796,5.493037037037043
2604.21554,cs.AI,2026,204,158,0.7745098039215687,5.443797468354432
2604.21549,cs.AI,2026,199,160,0.8040201005025126,5.375125000000003
2604.21958,cs.SE,2026,111,91,0.8198198198198198,5.440109890109891
2604.21537,cs.AI,2026,212,144,0.6792452830188679,5.305347222222228
2604.21536,cs.IR,2026,106,75,0.7075471698113207,5.713333333333334
2604.2153,cs.CV,2026,161,115,0.7142857142857143,5.535217391304349
2604.21529,cs.MA,2026,173,143,0.8265895953757225,5.344755244755246
2604.21515,cs.AI,2026,144,89,0.6180555555555556,5.4539325842696655
2604.21508,cs.AI,2026,240,163,0.6791666666666667,5.509447852760741
2604.21957,cs.IT,2026,184,116,0.6304347826086957,5.574827586206897
2604.21501,cs.AI,2026,204,133,0.6519607843137255,5.361278195488724
2604.21496,cs.AI,2026,180,130,0.7222222222222222,5.433307692307692
2604.21495,cs.LG,2026,177,114,0.6440677966101694,5.419210526315795
2604.21489,cs.RO,2026,191,125,0.6544502617801047,5.341760000000006
2604.2148,cs.AI,2026,177,122,0.6892655367231638,5.398770491803283
2604.21473,cs.LG,2026,227,160,0.7048458149779736,5.368250000000004
2604.21464,cs.LG,2026,142,100,0.704225352112676,5.447500000000002
2604.21454,cs.CL,2026,237,194,0.8185654008438819,5.4698453608247455
2604.2145,cs.CV,2026,208,131,0.6298076923076923,5.388778625954201
2604.21446,cs.AI,2026,133,102,0.7669172932330827,5.660784313725492
2604.21444,cs.AI,2026,186,125,0.6720430107526881,5.479200000000004
2604.2143,cs.AI,2026,154,115,0.7467532467532467,5.481043478260874
2604.21421,cs.CR,2026,177,133,0.751412429378531,5.461278195488727
2604.2142,cs.AI,2026,184,123,0.6684782608695652,5.520650406504068
2604.21416,cs.CR,2026,230,158,0.6869565217391305,5.2312025316455735
2604.21414,cs.AI,2026,105,62,0.5904761904761905,5.4793548387096775
2604.21396,cs.CV,2026,194,133,0.6855670103092784,5.5516541353383495
2604.21395,cs.LG,2026,275,187,0.68,5.130588235294117
2604.21391,cs.RO,2026,158,101,0.6392405063291139,5.487029702970298
2604.2138,cs.SE,2026,145,111,0.7655172413793103,5.3859459459459496
2604.21375,cs.CL,2026,263,194,0.7376425855513308,5.502164948453612
2604.21365,cs.LG,2026,131,106,0.8091603053435115,5.4074528301886815
2604.21361,cs.AI,2026,194,152,0.7835051546391752,5.21276315789474
2604.21357,cs.AI,2026,139,91,0.6546762589928058,5.503406593406596
2604.21349,cs.CV,2026,265,182,0.6867924528301886,5.361318681318685
2604.21346,cs.AI,2026,182,145,0.7967032967032966,5.46586206896552
2604.21345,cs.AI,2026,226,144,0.6371681415929203,5.39972222222223
2604.21344,cs.CL,2026,123,85,0.6910569105691057,5.590470588235298
2604.21334,cs.AI,2026,198,140,0.7070707070707071,5.350214285714289
2604.21327,cs.LG,2026,184,124,0.6739130434782609,5.5575
2604.21326,cs.CV,2026,198,132,0.6666666666666666,5.34416666666667
2604.21312,cs.CV,2026,151,116,0.7682119205298014,5.574137931034486
2604.2131,cs.CR,2026,178,125,0.702247191011236,5.541200000000002
2604.21952,cs.LG,2026,200,130,0.65,5.525076923076927
2604.21291,cs.CV,2026,190,137,0.7210526315789474,5.609708029197086
2604.21286,cs.CL,2026,242,164,0.6776859504132231,5.277195121951223
2604.21284,cs.AI,2026,247,188,0.7611336032388664,5.4622872340425594
2604.21277,cs.AI,2026,131,91,0.6946564885496184,5.460329670329672
2604.21276,cs.CL,2026,241,149,0.6182572614107884,5.387651006711412
2604.21268,cs.LG,2026,208,133,0.6394230769230769,5.391428571428576
2604.21264,cs.AI,2026,150,106,0.7066666666666667,5.532547169811324
2604.21263,cs.AI,2026,256,189,0.73828125,5.342010582010584
2604.2126,stat.ML,2026,239,158,0.6610878661087866,5.468734177215193
2604.21256,cs.AI,2026,273,202,0.73992673992674,5.3684653465346575
2604.21253,cs.CL,2026,143,104,0.7272727272727273,5.457211538461542
2604.21251,cs.LG,2026,153,97,0.6339869281045751,5.421546391752581
2604.21241,cs.RO,2026,167,122,0.7305389221556886,5.478360655737706
2604.21232,cs.AI,2026,176,115,0.6534090909090909,5.279652173913046
2604.21231,cs.NI,2026,151,91,0.6026490066225165,5.371648351648356
2604.21229,cs.CL,2026,154,101,0.6558441558441559,5.502475247524756
2604.21223,cs.CL,2026,125,94,0.752,5.607553191489363
2604.21216,econ.TH,2026,149,117,0.785234899328859,5.33666666666667
2604.21214,cs.DB,2026,192,141,0.734375,5.489290780141849
2604.21209,cs.AI,2026,259,199,0.7683397683397684,5.607487437185936
2604.21204,cs.CL,2026,216,168,0.7777777777777778,5.526726190476194
2604.21193,cs.AI,2026,214,150,0.7009345794392523,5.494266666666671
2604.2275,cs.CL,2026,276,218,0.7898550724637681,5.417201834862384
2604.22749,cs.CL,2026,239,168,0.702928870292887,5.485535714285719
2604.2273,cs.LG,2026,207,134,0.6473429951690821,5.562164179104483
2604.22723,cs.LG,2026,158,93,0.5886075949367089,5.5580645161290345
2604.22709,cs.CL,2026,217,158,0.728110599078341,5.534556962025319
2604.22678,cs.CL,2026,266,202,0.7593984962406015,5.4012376237623805
2604.22661,cs.IR,2026,203,127,0.625615763546798,5.389448818897643
2604.22631,cs.CL,2026,234,175,0.7478632478632479,5.320057142857147
2604.22626,cs.CL,2026,251,179,0.7131474103585658,5.349720670391066
2604.22606,cs.CL,2026,170,121,0.711764705882353,5.483223140495871
2604.22555,cs.CL,2026,207,150,0.7246376811594203,5.405200000000006
2604.2252,cs.CL,2026,191,143,0.7486910994764397,5.391608391608394
2604.22517,cs.CL,2026,210,153,0.7285714285714285,5.475490196078433
2604.22503,cs.CL,2026,220,179,0.8136363636363636,5.562290502793302
2604.22374,cs.CL,2026,190,129,0.6789473684210526,5.4451162790697705
2604.22345,cs.CL,2026,198,138,0.696969696969697,5.586884057971018
2604.22335,cs.CL,2026,177,114,0.6440677966101694,5.441403508771932
2604.22325,cs.CL,2026,196,155,0.7908163265306123,5.509935483870967
2604.22313,cs.CL,2026,160,102,0.6375,5.411666666666668
2604.22282,cs.CL,2026,173,115,0.6647398843930635,5.5417391304347845
2604.22266,cs.CL,2026,196,164,0.8367346938775511,5.462987804878052
2604.22261,cs.CL,2026,152,104,0.6842105263157895,5.4676923076923085
2604.22225,cs.CL,2026,129,78,0.6046511627906976,5.537179487179488
2604.22193,cs.CL,2026,204,165,0.8088235294117647,5.527818181818188
2604.22191,cs.CR,2026,191,135,0.7068062827225131,5.39303703703704
2604.22166,cs.CL,2026,158,111,0.7025316455696202,5.498468468468472
2604.22143,cs.CY,2026,218,166,0.7614678899082569,5.32367469879518
2604.22142,cs.CL,2026,240,173,0.7208333333333333,5.409884393063588
2604.22134,cs.CL,2026,138,90,0.6521739130434783,5.5533333333333355
2604.22128,cs.CL,2026,167,127,0.7604790419161677,5.38188976377953
2604.22127,cs.CL,2026,155,96,0.6193548387096774,5.406770833333334
2604.22098,cs.CL,2026,137,100,0.7299270072992701,5.580700000000003
2604.22095,cs.CL,2026,100,69,0.69,5.596666666666669
2604.22076,cs.LG,2026,170,126,0.7411764705882353,5.323095238095242
2604.22074,cs.CL,2026,225,185,0.8222222222222222,5.465675675675679
2604.22062,cs.CL,2026,188,152,0.8085106382978723,5.589407894736847
2604.2205,cs.LG,2026,225,169,0.7511111111111111,5.514437869822488
2604.22038,cs.CL,2026,136,112,0.8235294117647058,5.4092857142857165
2604.22002,cs.CL,2026,146,102,0.6986301369863014,5.541078431372552
2604.21928,cs.CL,2026,120,85,0.7083333333333334,5.53188235294118
2604.21916,cs.CL,2026,179,128,0.7150837988826816,5.228359375000003
2604.21897,cs.CL,2026,175,134,0.7657142857142857,5.4240298507462725
2604.2189,cs.CL,2026,173,129,0.7456647398843931,5.587829457364345
2604.21882,cs.CL,2026,187,126,0.6737967914438503,5.408253968253973
2604.21871,cs.CL,2026,155,109,0.7032258064516129,5.559357798165142
2604.21782,cs.CL,2026,203,163,0.8029556650246306,5.5576073619631945
2604.21767,cs.CL,2026,281,228,0.8113879003558719,5.507500000000003
2604.21766,cs.CL,2026,171,117,0.6842105263157895,5.528632478632481
2604.21724,cs.CL,2026,196,133,0.6785714285714286,5.464436090225565
2604.21716,cs.CL,2026,159,127,0.7987421383647799,5.369685039370079
2604.21706,cs.CL,2026,220,137,0.6227272727272727,5.310437956204384
2604.21698,cs.CL,2026,161,114,0.7080745341614907,5.526403508771931
2604.21637,cs.CL,2026,169,140,0.8284023668639053,5.4610000000000065
2604.21593,cs.CL,2026,229,170,0.74235807860262,5.53458823529412
2604.2159,cs.CL,2026,209,158,0.7559808612440191,5.5280379746835475
2604.21564,cs.CL,2026,271,211,0.7785977859778598,5.329383886255927
2604.21555,cs.CL,2026,189,150,0.7936507936507936,5.448133333333339
2604.21534,cs.CL,2026,127,85,0.6692913385826772,5.465882352941177
2604.21525,cs.CL,2026,134,67,0.5,5.480895522388062
2604.21523,cs.CV,2026,213,152,0.7136150234741784,5.316250000000005
2604.21511,cs.IR,2026,113,78,0.6902654867256637,5.589487179487181
2604.2151,cs.CL,2026,149,108,0.7248322147651006,5.403981481481482
2604.21481,cs.CL,2026,138,90,0.6521739130434783,5.538111111111112
2604.21469,cs.CL,2026,136,102,0.75,5.353235294117648
2604.21428,cs.CL,2026,179,119,0.664804469273743,5.4293277310924415
2604.2137,cs.CL,2026,150,98,0.6533333333333333,5.498979591836734
2604.21352,cs.CL,2026,212,155,0.7311320754716981,5.565935483870973
2604.21335,cs.LG,2026,209,132,0.631578947368421,5.440530303030307
2604.21309,cs.CL,2026,190,139,0.7315789473684211,5.466330935251802
2604.21308,cs.CR,2026,154,114,0.7402597402597403,5.395701754385966
2604.213,cs.CL,2026,202,135,0.6683168316831684,5.575629629629628
2604.21265,cs.CL,2026,170,133,0.7823529411764706,5.684135338345867
2604.21255,cs.CL,2026,182,127,0.6978021978021978,5.431496062992127
2604.21254,cs.LG,2026,196,135,0.6887755102040817,5.3963703703703745
2604.21238,cs.CL,2026,192,126,0.65625,5.462380952380955
2604.21235,cs.LG,2026,205,157,0.7658536585365854,5.405095541401273
2604.21211,cs.CL,2026,129,88,0.6821705426356589,5.356704545454547
2604.21202,econ.EM,2026,225,200,0.8888888888888888,5.423449999999999
2604.21191,cs.CL,2026,175,131,0.7485714285714286,5.458396946564888
2604.21159,cs.CR,2026,190,136,0.7157894736842105,5.429044117647062
2604.21152,cs.CY,2026,272,195,0.7169117647058824,5.388666666666671
2604.21148,cs.CL,2026,263,227,0.8631178707224335,5.289647577092514
2604.21144,cs.CL,2026,246,193,0.7845528455284553,5.39347150259068
2604.21139,cs.CL,2026,265,207,0.7811320754716982,5.432173913043485
2604.21137,cs.CL,2026,193,130,0.6735751295336787,5.506076923076926
2604.21134,cs.CL,2026,147,99,0.673469387755102,5.603434343434346
2604.21133,cs.CL,2026,109,70,0.6422018348623854,5.54857142857143
2604.21131,cs.CR,2026,246,156,0.6341463414634146,5.212500000000001
2604.2112,cs.LG,2026,200,130,0.65,5.379000000000006
2604.21108,cs.CL,2026,158,121,0.7658227848101266,5.469173553719013
2604.21106,cs.LG,2026,190,146,0.7684210526315789,5.393493150684933
2604.21098,cs.AI,2026,166,138,0.8313253012048193,5.464420289855076
2604.21096,cs.IR,2026,143,103,0.7202797202797203,5.647766990291264
2604.21082,cs.CL,2026,101,78,0.7722772277227723,5.331923076923076
2604.21076,cs.CL,2026,278,209,0.7517985611510791,5.279090909090908
2604.2107,cs.CL,2026,178,115,0.6460674157303371,5.3940000000000055
2604.21057,cs.CL,2026,194,154,0.7938144329896907,5.5527272727272745
2604.21045,cs.CL,2026,173,121,0.6994219653179191,5.563057851239671
2604.20996,cs.CL,2026,194,142,0.7319587628865979,5.677887323943669
2604.20995,cs.AI,2026,244,169,0.6926229508196722,5.320532544378701
2604.20994,cs.CR,2026,239,184,0.7698744769874477,5.321956521739136
2604.20983,cs.CV,2026,203,136,0.6699507389162561,5.5388235294117685
2604.20842,cs.CL,2026,185,137,0.7405405405405405,5.399854014598545
2604.20835,cs.CL,2026,194,151,0.7783505154639175,5.481854304635766
2604.20833,cs.CR,2026,200,158,0.79,5.372468354430385
2604.20817,cs.CL,2026,184,146,0.7934782608695652,5.572054794520552
2604.20806,cs.CV,2026,133,96,0.7218045112781954,5.582812500000003
2604.20791,cs.CL,2026,182,114,0.6263736263736264,5.390701754385968
2604.20789,cs.CL,2026,130,101,0.7769230769230769,5.568910891089112
2604.20738,cs.CL,2026,185,144,0.7783783783783784,5.543055555555557
2604.20732,cs.MA,2026,236,161,0.6822033898305084,5.307763975155284
2604.20726,cs.CL,2026,171,118,0.6900584795321637,5.445762711864408
2604.2072,cs.LG,2026,206,126,0.6116504854368932,5.565000000000003
2604.20677,cs.CL,2026,224,150,0.6696428571428571,5.4446000000000065
2604.20666,cs.CL,2026,137,80,0.583941605839416,5.550375000000004
2604.20658,cs.CL,2026,192,151,0.7864583333333334,5.635099337748349
2604.20601,cs.AI,2026,125,92,0.736,5.517717391304349
2604.20598,cs.IR,2026,242,160,0.6611570247933884,5.338875000000005
2604.20582,cs.MA,2026,176,144,0.8181818181818182,5.591041666666669
2604.20572,cs.CL,2026,239,175,0.7322175732217573,5.585542857142861
2604.20564,cs.CL,2026,198,145,0.7323232323232324,5.620000000000007
2604.2056,cs.CL,2026,177,129,0.7288135593220338,5.407674418604655
2604.20556,cs.CL,2026,221,164,0.7420814479638009,5.5160365853658595
2604.20549,cs.CL,2026,178,126,0.7078651685393258,5.641904761904764
2604.20548,cs.CL,2026,214,175,0.8177570093457944,5.6364571428571475
2604.20535,cs.CL,2026,136,105,0.7720588235294118,5.439047619047622
2604.20531,cs.CL,2026,166,127,0.7650602409638554,5.6860629921259855
2604.20511,cs.LG,2026,220,163,0.740909090909091,5.54257668711657
2604.20487,cs.CL,2026,174,129,0.7413793103448276,5.558449612403104
2604.20468,cs.RO,2026,175,115,0.6571428571428571,5.624173913043482
2604.20462,cs.SE,2026,231,145,0.6277056277056277,5.263793103448279
2604.20454,cs.CL,2026,174,117,0.6724137931034483,5.365982905982908
2604.20452,cs.IR,2026,193,131,0.6787564766839378,5.418473282442751
2604.20447,cs.CL,2026,171,113,0.6608187134502924,5.527433628318586
2604.20443,cs.CL,2026,146,103,0.7054794520547946,5.431844660194176
2604.20398,cs.CL,2026,255,177,0.6941176470588235,5.579435028248592
2604.20382,cs.CL,2026,208,139,0.6682692307692307,5.496618705035975
2604.21718,cs.CV,2026,263,191,0.7262357414448669,5.74225130890053
2604.20357,cs.CV,2026,183,105,0.5737704918032787,5.4997142857142896
2604.20331,cs.CL,2026,188,136,0.723404255319149,5.570294117647065
2604.20283,cs.CL,2026,249,171,0.6867469879518072,5.521637426900587
2604.20273,cs.AI,2026,225,148,0.6577777777777778,5.423040540540546
2604.20256,cs.CL,2026,126,98,0.7777777777777778,5.600816326530612
2604.20244,cs.CL,2026,138,94,0.6811594202898551,5.559255319148938
2604.22739,cs.CV,2026,219,160,0.730593607305936,5.543000000000005
2604.22714,cs.CV,2026,156,113,0.7243589743589743,5.621769911504428
2604.227,cs.CV,2026,226,168,0.7433628318584071,5.429404761904764
2604.22686,cs.CV,2026,135,86,0.6370370370370371,5.490697674418608
2604.22658,cs.CV,2026,220,156,0.7090909090909091,5.344230769230774
2604.22657,cs.CV,2026,194,141,0.7268041237113402,5.4600709219858174
2604.22649,cs.NE,2026,242,168,0.6942148760330579,5.598333333333339
2604.22595,cs.CV,2026,202,143,0.7079207920792079,5.61622377622378
2604.22586,cs.CV,2026,183,135,0.7377049180327869,5.563481481481485
2604.22579,eess.IV,2026,120,89,0.7416666666666667,5.582471910112361
2604.22557,eess.IV,2026,213,153,0.7183098591549296,5.593333333333337
2604.22554,cs.CV,2026,161,116,0.7204968944099379,5.507413793103451
2604.22552,cs.CV,2026,182,131,0.7197802197802198,5.181603053435117
2604.22546,cs.CV,2026,179,117,0.6536312849162011,5.538376068376074
2604.22539,cs.CV,2026,200,150,0.75,5.664333333333336
2604.22529,cs.CV,2026,160,128,0.8,5.679609375000003
2604.22518,cs.CV,2026,126,82,0.6507936507936508,5.528292682926833
2604.22515,cs.CV,2026,247,183,0.7408906882591093,5.578688524590167
2604.22507,cs.CV,2026,141,93,0.6595744680851063,5.461612903225809
2604.22506,cs.CV,2026,198,158,0.797979797979798,5.478544303797471
2604.22492,eess.IV,2026,127,96,0.7559055118110236,5.578958333333336
2604.22482,cs.CV,2026,215,152,0.7069767441860465,5.516776315789479
2604.22479,cs.CV,2026,196,150,0.7653061224489796,5.447000000000004
2604.22477,cs.CV,2026,185,119,0.6432432432432432,5.5086554621848745
2604.22476,cs.CV,2026,140,110,0.7857142857142857,5.505090909090913
2604.22439,cs.CV,2026,169,117,0.6923076923076923,5.3558974358974405
2604.22409,cs.CV,2026,226,162,0.7168141592920354,5.465987654320992
2604.2239,cs.CV,2026,187,118,0.6310160427807486,5.454576271186443
2604.22388,cs.CV,2026,236,164,0.6949152542372882,5.411829268292688
2604.22379,cs.CV,2026,241,161,0.6680497925311203,5.352236024844728
2604.22354,cs.CV,2026,193,155,0.8031088082901554,5.49129032258065
2604.2235,cs.CV,2026,182,127,0.6978021978021978,5.436692913385829
2604.22351,astro-ph.IM,2026,276,208,0.7536231884057971,5.351153846153854
2604.22339,cs.CV,2026,183,136,0.7431693989071039,5.546176470588239
2604.22338,eess.IV,2026,182,125,0.6868131868131868,5.463040000000005
2604.22334,cs.CV,2026,165,111,0.6727272727272727,5.48567567567568
2604.22331,cs.CV,2026,102,66,0.6470588235294118,5.534696969696971
2604.2231,cs.CV,2026,220,140,0.6363636363636364,5.38964285714286
2604.22302,cs.CV,2026,198,130,0.6565656565656566,5.450307692307697
2604.22296,cs.CV,2026,187,140,0.7486631016042781,5.616571428571431
2604.22281,cs.CV,2026,182,139,0.7637362637362637,5.508417266187052
2604.2228,cs.CV,2026,159,97,0.610062893081761,5.600206185567013
2604.22274,cs.CV,2026,221,148,0.669683257918552,5.559054054054056
2604.2224,cs.CV,2026,157,95,0.6050955414012739,5.5075789473684225
2604.22226,cs.CV,2026,192,134,0.6979166666666666,5.55485074626866
2604.2222,cs.CV,2026,164,118,0.7195121951219512,5.294830508474581
2604.22212,eess.IV,2026,173,128,0.7398843930635838,5.515312500000002
2604.22202,cs.CV,2026,189,123,0.6507936507936508,5.387804878048786
2604.22192,cs.CV,2026,216,145,0.6712962962962963,5.496896551724142
2604.22183,cs.CV,2026,164,113,0.6890243902439024,5.427787610619469
2604.22177,cs.CV,2026,152,94,0.618421052631579,5.358510638297875
2604.22174,cs.CV,2026,205,121,0.5902439024390244,5.445950413223145
2604.22164,cs.CV,2026,216,172,0.7962962962962963,5.469069767441863
2604.22162,cs.CV,2026,131,85,0.648854961832061,5.46129411764706
2604.22156,cs.LG,2026,216,150,0.6944444444444444,5.426600000000003
2604.22139,cs.CV,2026,198,112,0.5656565656565656,5.354732142857144
2604.22129,cs.CV,2026,153,98,0.6405228758169934,5.5496938775510225
2604.22118,cs.CV,2026,181,114,0.6298342541436464,5.393947368421055
2604.22103,cs.CY,2026,145,100,0.6896551724137931,5.462400000000002
2604.22093,cs.CV,2026,203,134,0.6600985221674877,5.399328358208958
2604.22034,cs.LG,2026,130,86,0.6615384615384615,5.3611627906976755
2604.21984,cs.CV,2026,218,141,0.6467889908256881,5.367872340425539
2604.21982,cs.CV,2026,239,204,0.8535564853556485,5.441862745098045
2604.21926,cs.CV,2026,132,99,0.75,5.644848484848489
2604.21921,cs.CV,2026,104,70,0.6730769230769231,5.701142857142858
2604.21915,cs.CV,2026,180,149,0.8277777777777777,5.617986577181212
2604.21909,cs.CV,2026,183,131,0.7158469945355191,5.410916030534353
2604.21904,cs.CV,2026,180,129,0.7166666666666667,5.587674418604654
2604.21873,cs.CV,2026,213,160,0.7511737089201878,5.494187500000004
2604.2181,cs.CV,2026,190,147,0.7736842105263158,5.368163265306124
2604.21806,cs.CV,2026,175,119,0.68,5.511932773109248
2604.21786,cs.CV,2026,225,167,0.7422222222222222,5.5583233532934155
2604.21776,cs.CV,2026,201,144,0.7164179104477612,5.526388888888891
2604.21772,cs.CV,2026,197,131,0.6649746192893401,5.412442748091606
2604.2176,cs.CV,2026,224,160,0.7142857142857143,5.5122500000000025
2604.21728,cs.CV,2026,242,176,0.7272727272727273,5.456136363636367
2604.21713,cs.CV,2026,187,133,0.7112299465240641,5.595789473684213
2604.2196,eess.IV,2026,216,167,0.7731481481481481,5.38730538922156
2604.21689,cs.GR,2026,205,135,0.6585365853658537,5.481333333333339
2604.21686,cs.CV,2026,238,178,0.7478991596638656,5.526853932584273
2604.21681,cs.CV,2026,194,136,0.7010309278350515,5.610808823529414
2604.21668,cs.CV,2026,231,165,0.7142857142857143,5.5981818181818195
2604.21631,cs.CV,2026,164,105,0.6402439024390244,5.485904761904765
2604.21627,cs.CV,2026,154,100,0.6493506493506493,5.298800000000003
2604.21617,cs.CV,2026,159,109,0.6855345911949685,5.419541284403675
2604.21592,cs.CV,2026,144,98,0.6805555555555556,5.391224489795922
2604.21575,cs.CV,2026,193,137,0.7098445595854922,5.5040145985401505
2604.21573,cs.CV,2026,234,148,0.6324786324786325,5.324189189189194
2604.21572,cs.CV,2026,183,138,0.7540983606557377,5.450869565217393
2604.21546,cs.CV,2026,117,72,0.6153846153846154,5.377222222222223
2604.21519,cs.CV,2026,163,123,0.754601226993865,5.362520325203254
2604.21518,eess.IV,2026,146,90,0.6164383561643836,5.481555555555558
2604.21502,cs.CV,2026,236,151,0.6398305084745762,5.4370860927152345
2604.21479,cs.CV,2026,210,155,0.7380952380952381,5.434645161290326
2604.21478,cs.CV,2026,219,157,0.7168949771689498,5.392292993630576
2604.21465,cs.CV,2026,180,116,0.6444444444444445,5.50879310344828
2604.21461,cs.CV,2026,166,116,0.6987951807228916,5.532155172413798
2604.21453,cs.CV,2026,183,113,0.6174863387978142,5.376460176991152
2604.21442,cs.CV,2026,213,173,0.812206572769953,5.491098265895961
2604.21435,cs.CV,2026,189,119,0.6296296296296297,5.451344537815129
2604.21422,cs.CV,2026,199,159,0.7989949748743719,5.435157232704405
2604.21409,cs.CV,2026,253,176,0.6956521739130435,5.605284090909093
2604.214,cs.CV,2026,211,134,0.6350710900473934,5.340895522388062
2604.21387,cs.CV,2026,188,164,0.8723404255319149,5.4270121951219545
2604.21362,cs.CV,2026,225,170,0.7555555555555555,5.582823529411767
2604.2136,cs.CV,2026,229,160,0.6986899563318777,5.482250000000001
2604.21356,cs.CV,2026,242,158,0.6528925619834711,5.446075949367095
2604.21343,cs.CV,2026,226,159,0.7035398230088495,5.460314465408807
2604.2133,cs.CV,2026,216,150,0.6944444444444444,5.4924000000000035
2604.21324,cs.CV,2026,226,131,0.5796460176991151,5.503511450381682
2604.21321,cs.CV,2026,163,95,0.5828220858895705,5.360000000000003
2604.21313,cs.CV,2026,200,135,0.675,5.404740740740741
2604.21311,cs.CV,2026,212,141,0.6650943396226415,5.395602836879436
2604.2129,cs.CV,2026,259,162,0.6254826254826255,5.52327160493828
2604.21289,cs.CV,2026,212,149,0.7028301886792453,5.4686577181208085
2604.2128,cs.CV,2026,234,130,0.5555555555555556,5.478615384615387
2604.21279,cs.CV,2026,241,176,0.7302904564315352,5.519034090909096
2604.21227,cs.CV,2026,222,150,0.6756756756756757,5.378133333333333
2604.21221,cs.CV,2026,196,126,0.6428571428571429,5.551904761904765
2604.21199,cs.LG,2026,209,154,0.7368421052631579,5.623571428571432
2604.21198,cs.CV,2026,190,139,0.7315789473684211,5.624676258992809
2604.2119,cs.CV,2026,207,144,0.6956521739130435,5.482013888888891
2604.21182,cs.CV,2026,135,94,0.6962962962962963,5.517872340425534
2604.2116,cs.CV,2026,197,128,0.649746192893401,5.406562500000003
2604.21146,cs.CV,2026,179,126,0.7039106145251397,5.3744444444444435
2604.21127,cs.CV,2026,241,180,0.7468879668049793,5.534500000000002
2604.21119,cs.CV,2026,249,209,0.8393574297188755,5.512535885167468
2604.21104,cs.CV,2026,188,129,0.6861702127659575,5.588759689922485
2604.21102,cs.CV,2026,182,128,0.7032967032967034,5.659687500000006
2604.21079,cs.CV,2026,144,94,0.6527777777777778,5.557340425531918
2604.21066,cs.CV,2026,187,146,0.7807486631016043,5.321164383561648
2604.2106,cs.CV,2026,196,119,0.6071428571428571,5.424789915966387
2604.21053,cs.RO,2026,224,151,0.6741071428571429,5.485894039735104
2604.21052,cs.CV,2026,270,187,0.6925925925925925,5.531176470588239
2604.21041,cs.CV,2026,166,120,0.7228915662650602,5.288500000000002
2604.21032,cs.CV,2026,162,112,0.691358024691358,5.656428571428573
2604.21028,cs.LG,2026,135,99,0.7333333333333333,5.405353535353537
2604.21011,cs.CV,2026,188,136,0.723404255319149,5.51058823529412
2604.21008,cs.CV,2026,245,193,0.7877551020408163,5.474455958549226
2604.20981,q-bio.QM,2026,254,171,0.6732283464566929,5.336783625730996
2604.20841,cs.CV,2026,205,143,0.697560975609756,5.547272727272733
2604.20825,cs.LG,2026,186,126,0.6774193548387096,5.465
2604.20822,cs.CV,2026,228,157,0.6885964912280702,5.45369426751593
2604.20816,cs.LG,2026,166,117,0.7048192771084337,5.4996581196581245
2604.20813,cs.CV,2026,169,121,0.7159763313609467,5.350909090909093
2604.208,cs.CV,2026,220,153,0.6954545454545454,5.446797385620919
2604.20796,cs.CV,2026,161,103,0.639751552795031,5.625825242718447
2604.20784,cs.CV,2026,180,113,0.6277777777777778,5.423893805309738
2604.2076,cs.CV,2026,126,88,0.6984126984126984,5.588068181818185
2604.20748,cs.CV,2026,187,128,0.6844919786096256,5.523437500000003
2604.20745,cs.LG,2026,204,150,0.7352941176470589,5.457466666666673
2604.2073,cs.CV,2026,251,172,0.6852589641434262,5.486337209302331
2604.20715,cs.CV,2026,142,94,0.6619718309859155,5.3437234042553206
2604.20705,cs.CV,2026,155,96,0.6193548387096774,5.659062500000002
2604.20696,cs.CV,2026,183,131,0.7158469945355191,5.479236641221375
2604.20665,cs.CV,2026,249,168,0.6746987951807228,5.387023809523816
2604.2065,cs.CV,2026,167,100,0.5988023952095808,5.3827000000000025
2604.20623,cs.CV,2026,189,124,0.656084656084656,5.372903225806455
2604.20606,cs.CV,2026,182,119,0.6538461538461539,5.5782352941176505
2604.20594,cs.CV,2026,248,185,0.7459677419354839,5.425621621621621
2604.20591,cs.CV,2026,146,96,0.6575342465753424,5.388854166666668
2604.20585,cs.CV,2026,201,157,0.7810945273631841,5.36178343949045
2604.20574,cs.CV,2026,262,218,0.8320610687022901,5.587018348623856
2604.2057,cs.CV,2026,178,124,0.6966292134831461,5.683145161290323
2604.20544,cs.CV,2026,214,142,0.6635514018691588,5.525422535211271
2604.20543,cs.CV,2026,218,167,0.7660550458715596,5.547125748502995
2604.20936,cs.MM,2026,156,109,0.6987179487179487,5.557339449541286
2604.20522,cs.SD,2026,137,102,0.7445255474452555,5.601078431372554
2604.22636,stat.ML,2026,203,144,0.7093596059113301,5.577222222222226
2604.22633,stat.ML,2026,203,173,0.8522167487684729,5.514277456647401
2604.2258,stat.ML,2026,232,160,0.6896551724137931,5.407062500000004
2604.22494,stat.ML,2026,114,70,0.6140350877192983,5.59057142857143
2604.22391,stat.ML,2026,241,175,0.7261410788381742,5.471257142857148
2604.22386,stat.ML,2026,221,166,0.751131221719457,5.28530120481928
2604.22385,stat.ML,2026,99,80,0.8080808080808081,5.149250000000003
2604.22355,cs.LG,2026,136,80,0.5882352941176471,5.483875000000001
2604.2232,stat.ME,2026,149,113,0.7583892617449665,5.4628318584070845
2604.2214,stat.ML,2026,156,111,0.7115384615384616,5.321711711711715
2604.22015,stat.ME,2026,189,133,0.7037037037037037,5.355639097744365
2604.21994,stat.ME,2026,229,161,0.7030567685589519,5.424596273291929
2604.21923,cs.LG,2026,222,177,0.7972972972972973,5.304124293785318
2604.21893,stat.ML,2026,257,192,0.7470817120622568,5.5436979166666704
2604.21849,stat.ML,2026,217,145,0.6682027649769585,5.550551724137937
2604.21843,stat.ME,2026,173,120,0.6936416184971098,5.359416666666671
2604.21691,stat.ML,2026,281,244,0.8683274021352313,5.493524590163942
2604.21595,stat.ML,2026,149,93,0.6241610738255033,5.388279569892475
2604.21432,stat.ML,2026,208,175,0.8413461538461539,5.159885714285717
2604.21407,cs.LG,2026,122,101,0.8278688524590164,5.423267326732676
2604.2127,stat.ML,2026,179,131,0.7318435754189944,5.301221374045804
2604.21203,stat.ML,2026,90,55,0.6111111111111112,5.483818181818183
2604.21097,stat.ML,2026,165,115,0.696969696969697,5.4587826086956595
2604.20985,cs.LG,2026,150,130,0.8666666666666667,5.456769230769233
2604.20949,cs.LG,2026,165,111,0.6727272727272727,5.319189189189194
2604.20761,stat.ML,2026,142,99,0.6971830985915493,5.501414141414141
2604.20614,cs.LG,2026,151,108,0.7152317880794702,5.49481481481482
2604.20551,stat.ML,2026,179,135,0.7541899441340782,5.572962962962965
2604.20516,stat.ML,2026,115,82,0.7130434782608696,5.448658536585367
2604.20492,stat.ML,2026,169,135,0.7988165680473372,5.496444444444448
2604.20446,cs.LG,2026,184,142,0.7717391304347826,5.284929577464795
2604.20414,math.ST,2026,163,122,0.7484662576687117,5.363032786885251
2604.20409,cs.LG,2026,137,107,0.781021897810219,5.3017757009345825
2604.2037,cs.LG,2026,225,157,0.6977777777777778,5.416305732484078
2604.20301,stat.ML,2026,152,120,0.7894736842105263,5.453916666666669
2604.20296,stat.ML,2026,155,118,0.7612903225806451,5.477711864406783
2604.20276,cs.LG,2026,154,122,0.7922077922077922,5.440819672131149
2604.20219,cs.LG,2026,172,144,0.8372093023255814,5.378055555555559
2604.20172,cs.LG,2026,214,167,0.780373831775701,5.266586826347309
2604.20161,cs.LG,2026,231,182,0.7878787878787878,5.4429670329670365
2604.20115,cs.LG,2026,135,79,0.5851851851851851,5.496329113924052
2604.20111,cs.LG,2026,181,120,0.6629834254143646,5.413416666666668
2604.20031,math.OC,2026,257,201,0.7821011673151751,5.352338308457716
2604.20907,stat.ML,2026,236,164,0.6949152542372882,5.386097560975611
2604.1974,cs.LG,2026,164,132,0.8048780487804879,5.417803030303036
2604.19738,math.PR,2026,145,106,0.7310344827586207,5.373490566037737
2604.19712,cs.LG,2026,208,142,0.6826923076923077,5.520281690140853
2604.19672,cs.LG,2026,104,87,0.8365384615384616,5.4654022988505755
2604.1956,cs.LG,2026,196,163,0.8316326530612245,5.302331288343563
2604.1953,cs.LG,2026,145,99,0.6827586206896552,5.419292929292932
2604.19451,cs.LG,2026,177,120,0.6779661016949152,5.390666666666669
2604.19165,stat.ML,2026,176,118,0.6704545454545454,5.334915254237292
2604.19091,stat.ML,2026,190,162,0.8526315789473684,5.406049382716052
2604.19072,cs.LG,2026,178,120,0.6741573033707865,5.329916666666672
2604.19065,cs.GT,2026,168,128,0.7619047619047619,5.480781250000004
2604.19018,cs.LG,2026,185,111,0.6,5.367567567567569
2604.18972,stat.ML,2026,153,90,0.5882352941176471,5.247000000000002
2604.18864,cs.LG,2026,175,123,0.7028571428571428,5.41577235772358
2604.1882,stat.ML,2026,193,131,0.6787564766839378,5.448320610687026
2604.18739,cs.LG,2026,132,87,0.6590909090909091,5.450459770114943
2604.18701,cs.LG,2026,183,125,0.6830601092896175,5.396240000000004
2604.18569,stat.ML,2026,201,161,0.8009950248756219,5.338136645962737
2604.18547,stat.ML,2026,159,117,0.7358490566037735,5.48880341880342
2604.18505,cs.IT,2026,210,154,0.7333333333333333,5.43292207792208
2604.1845,stat.ML,2026,205,149,0.7268292682926829,5.370201342281883
2604.18441,math.ST,2026,125,85,0.68,5.372470588235295
2604.1842,stat.ML,2026,167,138,0.8263473053892215,5.432608695652176
2604.18419,cs.LG,2026,169,127,0.7514792899408284,5.474960629921261
2604.18402,stat.ML,2026,163,101,0.6196319018404908,5.491584158415844
2604.18319,stat.ML,2026,255,188,0.7372549019607844,5.3476063829787295
2604.1831,stat.ML,2026,214,166,0.7757009345794392,5.4871686746988
2604.18242,math.ST,2026,247,179,0.7246963562753036,5.204748603351958
2604.18152,stat.ML,2026,192,144,0.75,5.504305555555562
2604.18143,stat.ML,2026,181,138,0.7624309392265194,5.502318840579714
2604.18089,cs.LG,2026,171,132,0.7719298245614035,5.3511363636363685
2604.18022,q-bio.BM,2026,210,157,0.7476190476190476,5.362611464968156
2604.17984,cs.LG,2026,213,168,0.7887323943661971,5.39928571428572
2604.17838,cs.LG,2026,172,120,0.6976744186046512,5.541833333333337
2604.17694,stat.ME,2026,109,78,0.7155963302752294,5.5324358974358985
2604.1767,cs.LG,2026,88,61,0.6931818181818182,5.550983606557377
2604.17568,cs.LG,2026,221,179,0.8099547511312217,5.399608938547491
2604.17548,cs.LG,2026,176,119,0.6761363636363636,5.53764705882353
2604.1741,math.ST,2026,252,178,0.7063492063492064,5.3739325842696655
2604.17381,stat.ML,2026,251,186,0.7410358565737052,5.462741935483876
2604.17224,cs.LG,2026,160,101,0.63125,5.532574257425746
2604.17219,stat.ML,2026,162,118,0.7283950617283951,5.388813559322037
2604.17213,math.OC,2026,184,137,0.7445652173913043,5.3210948905109525
2604.17194,stat.ML,2026,270,208,0.7703703703703704,5.493461538461541
2604.1713,stat.ME,2026,156,123,0.7884615384615384,5.369349593495937
2604.16975,math.NA,2026,188,125,0.6648936170212766,5.407680000000002
2604.16932,stat.ML,2026,203,147,0.7241379310344828,5.471156462585038
2604.16894,cs.LG,2026,109,79,0.7247706422018348,5.495063291139244
2604.16865,stat.ML,2026,276,241,0.8731884057971014,5.324522821576772
2604.16809,stat.ML,2026,182,134,0.7362637362637363,5.27567164179105
2604.16714,cs.LG,2026,144,112,0.7777777777777778,5.457410714285715
2604.16684,cs.LG,2026,137,98,0.7153284671532847,5.586836734693881
2604.1661,stat.ML,2026,96,72,0.75,5.444166666666668
2604.16288,math.AP,2026,178,146,0.8202247191011236,5.412808219178082
2604.16239,stat.ML,2026,121,91,0.7520661157024794,5.283736263736265
2604.16238,cs.LG,2026,219,160,0.730593607305936,5.485312500000006
2604.16203,stat.ME,2026,271,208,0.7675276752767528,5.453750000000004
2604.16111,cs.LG,2026,160,130,0.8125,5.251153846153849
2604.16087,cs.LG,2026,156,116,0.7435897435897436,5.4534482758620735
2604.16086,cs.CV,2026,258,189,0.7325581395348837,5.4475132275132285
2604.15742,cs.LG,2026,149,102,0.6845637583892618,5.178137254901965
2604.15632,math.AG,2026,36,20,0.5555555555555556,5.508
2604.15538,stat.ML,2026,126,84,0.6666666666666666,5.550476190476191
2604.15531,q-fin.ST,2026,100,58,0.58,5.506896551724137
2604.15439,stat.ML,2026,189,149,0.7883597883597884,5.4369127516778555
2604.15285,stat.ML,2026,146,96,0.6575342465753424,5.399062500000002
2604.15114,stat.ML,2026,201,151,0.7512437810945274,5.507483443708613
2604.15107,stat.ML,2026,239,200,0.8368200836820083,5.484700000000008
2604.14975,stat.CO,2026,121,86,0.7107438016528925,5.503139534883722
2604.14949,stat.ML,2026,125,93,0.744,5.591397849462366
2604.14908,cs.LG,2026,248,174,0.7016129032258065,5.382413793103454
2604.1486,stat.ML,2026,167,125,0.7485029940119761,5.246400000000003
2604.1481,stat.ML,2026,130,99,0.7615384615384615,5.342828282828284
2604.14809,stat.ML,2026,200,163,0.815,5.44993865030675
2604.15392,cs.LG,2026,141,94,0.6666666666666666,5.38117021276596
2604.14702,cs.LG,2026,172,124,0.7209302325581395,5.4262096774193544
2604.14669,cs.LG,2026,190,145,0.7631578947368421,5.429310344827589
2604.14621,stat.ML,2026,190,141,0.7421052631578947,5.485744680851068
2604.14587,cs.LG,2026,204,156,0.7647058823529411,5.46942307692308
2604.14575,cs.LG,2026,250,168,0.672,5.440833333333338
2604.14498,cs.AI,2026,208,143,0.6875,5.4491608391608395
2604.14404,math.ST,2026,257,193,0.7509727626459144,5.490984455958556
2604.14345,cs.LG,2026,148,108,0.7297297297297297,5.3916666666666675
2604.14338,cs.LG,2026,112,76,0.6785714285714286,5.368289473684213
2604.14331,cs.LG,2026,173,121,0.6994219653179191,5.5030578512396735
2604.14322,stat.ML,2026,138,91,0.6594202898550725,5.473406593406596
2604.14108,cs.LG,2026,162,106,0.654320987654321,5.3893396226415105
2604.14075,math.OC,2026,120,73,0.6083333333333333,5.314794520547944
2604.14061,cs.IT,2026,94,73,0.776595744680851,5.417534246575341
2604.1398,cs.LG,2026,157,103,0.6560509554140127,5.548543689320389
2604.1389,physics.soc-ph,2026,227,155,0.6828193832599119,5.305612903225811
2604.13748,stat.ME,2026,193,127,0.6580310880829016,5.247244094488194
2604.1374,cs.LG,2026,138,112,0.8115942028985508,5.366875000000003
2604.13739,cs.LG,2026,189,159,0.8412698412698413,5.375723270440255
2604.13738,stat.ML,2026,151,126,0.8344370860927153,5.364761904761911
2604.13656,cs.LG,2026,163,127,0.7791411042944786,5.4538582677165355
2604.14249,cs.LG,2026,246,174,0.7073170731707317,5.390000000000006
2604.13525,stat.ML,2026,210,143,0.680952380952381,5.409370629370634
2604.13484,stat.ML,2026,201,160,0.7960199004975125,5.433750000000004
2604.1347,cs.LG,2026,107,64,0.5981308411214953,5.233437500000003
2604.1424,cs.AI,2026,243,166,0.6831275720164609,5.455963855421693
2604.1341,stat.ME,2026,174,143,0.8218390804597702,5.332097902097908
2604.13393,math.OC,2026,114,82,0.7192982456140351,5.3051219512195145
2604.13295,cs.LG,2026,64,57,0.890625,5.3156140350877195
2604.13253,cs.LG,2026,175,109,0.6228571428571429,5.2663302752293575
2604.13218,stat.ML,2026,144,106,0.7361111111111112,5.524339622641511
2604.13213,stat.ML,2026,224,162,0.7232142857142857,5.361172839506179
2604.13022,quant-ph,2026,151,91,0.6026490066225165,5.498791208791212
2604.13008,stat.ME,2026,141,106,0.75177304964539,5.4438679245283055
2604.12992,stat.ML,2026,174,103,0.5919540229885057,5.329902912621363
2604.12952,cs.LG,2026,230,176,0.7652173913043478,5.328693181818185
2604.13147,stat.ML,2026,222,165,0.7432432432432432,5.45145454545455
2604.12827,cs.LG,2026,120,91,0.7583333333333333,5.217802197802201
2604.12817,cs.LG,2026,244,183,0.75,5.476939890710385
2604.12771,math.ST,2026,212,148,0.6981132075471698,5.349324324324326
2604.12719,cs.LG,2026,195,120,0.6153846153846154,5.461916666666669
2604.12536,stat.AP,2026,213,151,0.7089201877934272,5.491456953642384
2604.12497,cs.LG,2026,249,191,0.7670682730923695,5.412617801047125
2604.12434,stat.ML,2026,179,130,0.7262569832402235,5.275076923076927
2604.1234,stat.ML,2026,201,141,0.7014925373134329,5.195319148936172
2604.12288,stat.ML,2026,211,150,0.7109004739336493,5.419600000000007
2604.1313,cs.LG,2026,176,123,0.6988636363636364,5.295528455284555
2604.12095,stat.ML,2026,180,124,0.6888888888888889,5.310483870967744
2604.12041,stat.ML,2026,271,209,0.7712177121771218,5.323014354066993
2604.12022,stat.ME,2026,184,131,0.7119565217391305,5.357022900763363
2604.11994,cs.LG,2026,126,98,0.7777777777777778,5.387755102040818
2604.1189,cs.LG,2026,147,94,0.6394557823129252,5.480425531914897
2604.11762,cs.CV,2026,254,191,0.7519685039370079,5.447748691099482
2604.11746,stat.ME,2026,160,122,0.7625,5.433196721311479
2604.11731,stat.ME,2026,232,158,0.6810344827586207,5.3968987341772205
2604.11578,quant-ph,2026,204,153,0.75,5.399281045751633
2604.11862,stat.ML,2026,178,136,0.7640449438202247,5.279558823529416
2604.11507,math.OC,2026,227,178,0.7841409691629956,5.432584269662926
2604.11491,stat.ML,2026,202,159,0.7871287128712872,5.458742138364783
2604.11311,cs.LG,2026,198,147,0.7424242424242424,5.447074829931978
2604.11305,cs.LG,2026,247,187,0.757085020242915,5.42064171122995
2604.11253,stat.ML,2026,55,38,0.6909090909090909,5.459736842105263
2604.11223,stat.ML,2026,186,153,0.8225806451612904,5.486666666666669
2604.112,cs.LG,2026,171,126,0.7368421052631579,5.595238095238096
2604.11165,stat.ML,2026,175,116,0.6628571428571428,5.289051724137935
2604.11151,cs.LG,2026,87,63,0.7241379310344828,5.389682539682541
2604.11119,stat.ML,2026,178,129,0.7247191011235955,5.279689922480621
2604.11118,cs.LG,2026,134,87,0.6492537313432836,5.254827586206898
2604.10976,stat.ML,2026,185,134,0.7243243243243244,5.408656716417915
2604.10965,stat.CO,2026,158,102,0.6455696202531646,5.409509803921573
2604.10857,cs.LG,2026,105,81,0.7714285714285715,5.443333333333336
2604.10854,stat.AP,2026,221,172,0.7782805429864253,5.436104651162792
2604.10821,cs.LG,2026,159,101,0.6352201257861635,5.544950495049505
2604.10727,stat.ML,2026,185,112,0.6054054054054054,5.314464285714289
2604.10672,stat.ML,2026,204,147,0.7205882352941176,5.471904761904765
2604.1065,stat.ML,2026,207,157,0.7584541062801933,5.485159235668795
2604.10412,stat.ML,2026,282,223,0.7907801418439716,5.374573991031393
2604.10398,stat.ME,2026,241,175,0.7261410788381742,5.352171428571431
2604.09913,stat.ME,2026,209,165,0.7894736842105263,5.557575757575759
2604.22677,physics.soc-ph,2026,210,164,0.780952380952381,5.53713414634147
2604.22043,physics.soc-ph,2026,196,139,0.7091836734693877,5.510863309352521
2604.22008,physics.ed-ph,2026,221,155,0.7013574660633484,5.479096774193553
2604.21853,physics.soc-ph,2026,209,173,0.8277511961722488,5.349075144508676
2604.21528,physics.soc-ph,2026,209,162,0.7751196172248804,5.3692592592592625
2604.21437,physics.soc-ph,2026,118,82,0.6949152542372882,5.444512195121953
2604.21328,cs.MA,2026,193,166,0.8601036269430051,5.437228915662653
2604.21297,physics.soc-ph,2026,174,138,0.7931034482758621,5.407318840579713
2604.20829,physics.soc-ph,2026,166,146,0.8795180722891566,5.3776712328767164
2604.20108,quant-ph,2026,159,104,0.6540880503144654,5.547692307692311
2604.19968,physics.soc-ph,2026,152,98,0.6447368421052632,5.377857142857144
2604.19682,physics.soc-ph,2026,224,159,0.7098214285714286,5.252955974842772
2604.19676,physics.soc-ph,2026,125,99,0.792,5.528686868686874
2604.19436,physics.soc-ph,2026,221,172,0.7782805429864253,5.624534883720932
2604.20896,physics.pop-ph,2026,256,209,0.81640625,5.206746411483257
2604.19302,physics.soc-ph,2026,147,122,0.8299319727891157,5.5439344262295105
2604.18983,physics.soc-ph,2026,222,182,0.8198198198198198,5.6167032967032995
2604.18755,physics.soc-ph,2026,239,190,0.7949790794979079,5.568052631578952
2604.18437,physics.soc-ph,2026,247,189,0.7651821862348178,5.529894179894184
2604.18431,physics.soc-ph,2026,216,151,0.6990740740740741,5.346953642384108
2604.1797,physics.soc-ph,2026,131,108,0.8244274809160306,5.472129629629632
2604.17946,physics.ao-ph,2026,280,232,0.8285714285714286,5.471767241379316
2604.18653,stat.ME,2026,225,184,0.8177777777777778,5.411413043478265
2604.17689,physics.soc-ph,2026,180,129,0.7166666666666667,5.416201550387602
2604.17643,physics.soc-ph,2026,206,154,0.7475728155339806,5.509740259740261
2604.17618,physics.optics,2026,197,149,0.7563451776649747,5.4455033557046955
2604.17602,physics.soc-ph,2026,162,138,0.8518518518518519,5.539275362318846
2604.16193,physics.soc-ph,2026,222,169,0.7612612612612613,5.362248520710064
2604.15784,physics.soc-ph,2026,238,164,0.6890756302521008,5.444634146341467
2604.15782,cs.LG,2026,210,148,0.7047619047619048,5.481959459459463
2604.15265,math.AT,2026,217,157,0.7235023041474654,5.510700636942678
2604.14778,physics.soc-ph,2026,179,134,0.7486033519553073,5.564552238805971
2604.14772,physics.soc-ph,2026,240,186,0.775,5.386236559139788
2604.14348,physics.soc-ph,2026,253,196,0.7747035573122529,5.468163265306128
2604.14065,physics.soc-ph,2026,160,118,0.7375,5.410677966101698
2604.14047,cs.DL,2026,215,190,0.8837209302325582,5.439894736842111
2604.13885,cond-mat.stat-mech,2026,144,109,0.7569444444444444,5.470366972477069
2604.13775,physics.optics,2026,224,134,0.5982142857142857,5.259328358208959
2604.13774,physics.soc-ph,2026,204,147,0.7205882352941176,5.423673469387762
2604.13357,math.OC,2026,164,103,0.6280487804878049,4.964271844660197
2604.13184,physics.soc-ph,2026,209,165,0.7894736842105263,5.3995151515151605
2604.12685,physics.soc-ph,2026,175,134,0.7657142857142857,5.4787313432835845
2604.12546,q-bio.PE,2026,188,140,0.7446808510638298,5.602357142857145
2604.1208,physics.soc-ph,2026,170,126,0.7411764705882353,5.256111111111116
2604.11565,cs.CL,2026,122,79,0.6475409836065574,5.478101265822788
2604.11545,physics.soc-ph,2026,214,148,0.6915887850467289,5.5236486486486545
2604.11479,cs.LG,2026,215,184,0.8558139534883721,5.441413043478264
2604.11354,physics.soc-ph,2026,190,161,0.8473684210526315,5.457018633540379
2604.11339,physics.soc-ph,2026,253,196,0.7747035573122529,5.534285714285719
2604.11312,cs.SI,2026,131,105,0.8015267175572519,5.475809523809525
2604.10742,physics.soc-ph,2026,162,127,0.7839506172839507,5.428740157480317
2604.10614,math.AP,2026,128,92,0.71875,5.500869565217392
2604.21939,physics.geo-ph,2026,283,232,0.8197879858657244,5.323189655172417
2604.10049,physics.soc-ph,2026,189,165,0.873015873015873,5.509636363636369
2604.0925,astro-ph.IM,2026,139,116,0.8345323741007195,5.552672413793106
2604.09187,econ.GN,2026,225,174,0.7733333333333333,5.560459770114946
2604.0842,q-bio.PE,2026,213,168,0.7887323943661971,5.273571428571434
2604.08386,cond-mat.stat-mech,2026,163,108,0.6625766871165644,5.452870370370374
2604.07694,physics.soc-ph,2026,162,115,0.7098765432098766,5.499826086956522
2604.07347,physics.soc-ph,2026,209,159,0.7607655502392344,5.471257861635222
2604.07228,physics.soc-ph,2026,205,156,0.7609756097560976,5.633525641025647
2604.07029,physics.soc-ph,2026,249,196,0.7871485943775101,5.531326530612247
2604.06952,physics.soc-ph,2026,115,87,0.7565217391304347,5.6329885057471305
2604.06104,physics.soc-ph,2026,159,133,0.8364779874213837,5.489849624060152
2604.0599,physics.soc-ph,2026,228,197,0.8640350877192983,5.419695431472085
2604.0586,nlin.AO,2026,108,83,0.7685185185185185,5.463373493975905
2604.05745,physics.soc-ph,2026,241,205,0.8506224066390041,5.39039024390244
2604.05714,physics.soc-ph,2026,190,143,0.7526315789473684,5.423006993006997
2604.05709,eess.SY,2026,148,129,0.8716216216216216,5.365658914728683
2604.05439,physics.soc-ph,2026,200,136,0.68,5.363088235294122
2604.05188,physics.soc-ph,2026,221,157,0.7104072398190046,5.315605095541406
2604.07367,physics.plasm-ph,2026,169,137,0.8106508875739645,5.544233576642341
2604.04624,nucl-th,2026,241,194,0.8049792531120332,5.281855670103096
2604.04538,physics.soc-ph,2026,212,149,0.7028301886792453,5.499530201342286
2604.04459,physics.soc-ph,2026,158,118,0.7468354430379747,5.36025423728814
2604.04381,physics.ins-det,2026,280,196,0.7,5.393877551020416
2604.0424,cs.LG,2026,165,113,0.6848484848484848,5.529203539823015
2604.04081,physics.comp-ph,2026,171,138,0.8070175438596491,5.50702898550725
2604.0394,physics.soc-ph,2026,113,82,0.7256637168141593,5.564024390243905
2604.03776,cs.DL,2026,175,136,0.7771428571428571,5.555294117647064
2604.03683,cs.GT,2026,130,103,0.7923076923076923,5.547087378640778
2604.03383,physics.geo-ph,2026,215,186,0.8651162790697674,5.3489247311828025
2604.03133,physics.soc-ph,2026,234,181,0.7735042735042735,5.549779005524868
2604.04956,physics.soc-ph,2026,272,213,0.7830882352941176,5.280845070422536
2604.0259,physics.plasm-ph,2026,153,98,0.6405228758169934,5.514081632653063
2604.02302,physics.soc-ph,2026,146,121,0.8287671232876712,5.472231404958681
2604.02283,physics.ao-ph,2026,127,113,0.889763779527559,5.43911504424779
2604.02199,nlin.AO,2026,215,150,0.6976744186046512,5.484333333333338
2604.02059,physics.soc-ph,2026,254,208,0.8188976377952756,5.456826923076927
2604.01969,physics.soc-ph,2026,219,161,0.7351598173515982,5.339565217391305
2604.01938,cs.CL,2026,216,172,0.7962962962962963,5.3438372093023325
2604.01838,cs.MA,2026,134,113,0.8432835820895522,5.514867256637172
2604.01793,cs.DL,2026,241,214,0.8879668049792531,5.482803738317757
2604.0154,cond-mat.stat-mech,2026,113,94,0.831858407079646,5.381595744680853
2604.01201,physics.soc-ph,2026,94,77,0.8191489361702128,5.465194805194806
2604.18596,physics.soc-ph,2026,214,165,0.7710280373831776,5.471636363636368
2604.01019,physics.soc-ph,2026,160,117,0.73125,5.584529914529919
2604.00943,physics.soc-ph,2026,126,102,0.8095238095238095,5.622843137254904
2604.00699,physics.soc-ph,2026,143,108,0.7552447552447552,5.459259259259262
2604.00674,physics.soc-ph,2026,240,184,0.7666666666666667,5.424836956521745
2604.00652,physics.soc-ph,2026,249,222,0.891566265060241,5.448243243243244
2604.00386,physics.soc-ph,2026,219,164,0.7488584474885844,5.386036585365858
2603.30021,physics.soc-ph,2026,231,184,0.7965367965367965,5.341304347826093
2603.29833,q-bio.NC,2026,110,85,0.7727272727272727,5.444235294117651
2603.29782,physics.soc-ph,2026,198,154,0.7777777777777778,5.454935064935069
2603.29722,physics.soc-ph,2026,276,218,0.7898550724637681,5.3763302752293605
2603.29663,physics.soc-ph,2026,229,187,0.8165938864628821,5.706684491978616
2603.29593,physics.soc-ph,2026,178,133,0.7471910112359551,5.436240601503762
2603.29312,physics.soc-ph,2026,90,68,0.7555555555555555,5.446470588235295
2603.29282,physics.soc-ph,2026,183,127,0.6939890710382514,5.397086614173232
2603.29055,math.NA,2026,167,118,0.7065868263473054,5.366101694915256
2603.28984,physics.soc-ph,2026,233,188,0.8068669527896996,5.563936170212771
2603.28949,physics.soc-ph,2026,186,149,0.8010752688172043,5.224496644295305
2603.28566,physics.soc-ph,2026,220,155,0.7045454545454546,5.4421935483871
2603.28279,physics.soc-ph,2026,161,140,0.8695652173913043,5.436000000000003
2603.27956,physics.soc-ph,2026,194,173,0.8917525773195877,5.653063583815036
2603.27845,physics.soc-ph,2026,148,111,0.75,5.407927927927932
2603.2781,physics.soc-ph,2026,209,165,0.7894736842105263,5.316666666666672
2603.27785,cs.CY,2026,214,167,0.780373831775701,5.371197604790426
2603.28818,physics.soc-ph,2026,190,133,0.7,5.4641353383458675
2604.20872,physics.soc-ph,2026,150,132,0.88,5.526818181818185
2603.26896,physics.soc-ph,2026,216,191,0.8842592592592593,5.459685863874349
2603.2659,physics.soc-ph,2026,51,39,0.7647058823529411,5.537435897435897
2603.26525,physics.soc-ph,2026,190,159,0.8368421052631579,5.336289308176104
2604.06224,physics.soc-ph,2026,252,213,0.8452380952380952,5.3678873239436715
2604.06223,physics.soc-ph,2026,216,168,0.7777777777777778,5.484880952380957
2603.26822,physics.soc-ph,2026,250,195,0.78,5.378974358974366
2603.25663,physics.soc-ph,2026,218,160,0.7339449541284404,5.427250000000003
2603.25563,quant-ph,2026,191,135,0.7068062827225131,5.40881481481482
2603.25542,physics.soc-ph,2026,105,92,0.8761904761904762,5.540652173913046
2603.25416,physics.soc-ph,2026,111,84,0.7567567567567568,5.4822619047619074
2603.253,physics.soc-ph,2026,167,125,0.7485029940119761,5.515360000000001
2603.25772,physics.soc-ph,2026,193,172,0.8911917098445595,5.429186046511628
2604.03287,physics.soc-ph,2026,114,94,0.8245614035087719,5.4404255319148955
2603.2576,physics.soc-ph,2026,252,181,0.7182539682539683,5.362320441988955
2603.24782,physics.soc-ph,2026,224,168,0.75,5.368988095238101
2603.24723,physics.soc-ph,2026,156,128,0.8205128205128205,5.581406250000003
2603.24676,cs.AI,2026,226,176,0.7787610619469026,5.430795454545457
2603.24529,physics.soc-ph,2026,142,112,0.7887323943661971,5.385357142857147
2603.24403,physics.soc-ph,2026,175,130,0.7428571428571429,5.3226923076923125
2603.24381,physics.soc-ph,2026,163,131,0.803680981595092,5.513587786259546
2603.24244,physics.soc-ph,2026,240,186,0.775,5.452365591397855
2603.2419,cond-mat.stat-mech,2026,174,138,0.7931034482758621,5.490217391304352
2603.23857,cs.AI,2026,194,155,0.7989690721649485,5.122774193548388
2604.03285,physics.soc-ph,2026,191,145,0.7591623036649214,5.5788275862069
2603.24622,physics.ed-ph,2026,241,198,0.8215767634854771,5.468838383838389
2603.23409,physics.soc-ph,2026,221,171,0.7737556561085973,5.485964912280706
2603.22967,physics.soc-ph,2026,207,173,0.8357487922705314,5.556936416184976
2604.01233,physics.soc-ph,2026,236,168,0.711864406779661,5.32511904761905
2603.26762,physics.soc-ph,2026,194,149,0.7680412371134021,5.374228187919464
2603.22237,cs.IT,2026,164,123,0.75,5.479756097560979
2603.22183,physics.soc-ph,2026,117,96,0.8205128205128205,5.430625000000005
2603.22151,physics.soc-ph,2026,217,172,0.7926267281105991,5.564883720930235
2603.2215,q-bio.PE,2026,185,150,0.8108108108108109,5.285466666666672
2603.22089,cond-mat.stat-mech,2026,111,78,0.7027027027027027,5.455512820512819
2603.21896,physics.soc-ph,2026,143,117,0.8181818181818182,5.393675213675217
2603.21895,physics.soc-ph,2026,148,123,0.831081081081081,5.467642276422769
2603.21552,physics.soc-ph,2026,157,115,0.732484076433121,5.456782608695655
2603.21507,physics.soc-ph,2026,231,182,0.7878787878787878,5.455219780219783
2603.2113,physics.soc-ph,2026,229,198,0.8646288209606987,5.499646464646465
2603.20593,physics.soc-ph,2026,154,110,0.7142857142857143,5.315909090909093
2603.20454,astro-ph.IM,2026,175,153,0.8742857142857143,5.506601307189546
2603.19845,physics.soc-ph,2026,218,175,0.8027522935779816,5.50228571428572
2603.19641,physics.soc-ph,2026,261,208,0.7969348659003831,5.527451923076929
2603.19537,physics.soc-ph,2026,209,166,0.7942583732057417,5.4810240963855446
2603.18701,eess.SY,2026,150,118,0.7866666666666666,5.519406779661019
2603.18594,physics.soc-ph,2026,273,231,0.8461538461538461,5.556623376623381
2603.18289,math.CO,2026,200,169,0.845,5.465798816568054
2603.1817,cond-mat.dis-nn,2026,238,185,0.7773109243697479,5.453567567567576
2603.18128,physics.soc-ph,2026,229,171,0.7467248908296943,5.508245614035094
2603.18127,physics.soc-ph,2026,208,169,0.8125,5.420000000000002
2603.26719,physics.soc-ph,2026,232,179,0.771551724137931,5.427597765363132
2603.17873,cond-mat.stat-mech,2026,159,128,0.8050314465408805,5.409843750000002
2603.26717,physics.geo-ph,2026,180,156,0.8666666666666667,5.258589743589748
2603.17741,physics.pop-ph,2026,207,173,0.8357487922705314,5.445375722543354
2603.17597,physics.soc-ph,2026,118,88,0.7457627118644068,5.4686363636363655
2603.17594,physics.soc-ph,2026,119,97,0.8151260504201681,5.451855670103093
2603.17584,physics.soc-ph,2026,222,178,0.8018018018018018,5.580842696629217
2603.17549,cs.LG,2026,188,127,0.675531914893617,5.317795275590554
2603.16688,physics.soc-ph,2026,163,112,0.6871165644171779,5.327053571428574
2603.16337,physics.soc-ph,2026,85,69,0.8117647058823529,5.431014492753624
2603.26701,physics.soc-ph,2026,155,118,0.7612903225806451,5.490169491525428
2603.16006,physics.soc-ph,2026,135,98,0.725925925925926,5.323061224489799
2603.15974,physics.soc-ph,2026,277,222,0.8014440433212996,5.2114414414414485
2603.15609,stat.AP,2026,161,135,0.8385093167701864,5.488814814814817
2603.15521,cs.NI,2026,227,163,0.7180616740088106,5.410184049079759
2603.15416,physics.soc-ph,2026,176,151,0.8579545454545454,5.402450331125832
2603.14711,physics.soc-ph,2026,243,198,0.8148148148148148,5.409141414141415
2603.14564,physics.soc-ph,2026,269,213,0.79182156133829,5.457323943661977
2603.13715,physics.soc-ph,2026,191,133,0.6963350785340314,5.4569172932330865
2603.13481,cond-mat.stat-mech,2026,195,182,0.9333333333333333,5.4673076923076955
2603.23543,physics.soc-ph,2026,299,269,0.8996655518394648,5.38780669144982
2603.12559,physics.soc-ph,2026,202,149,0.7376237623762376,5.555570469798658
2603.12558,physics.soc-ph,2026,213,169,0.7934272300469484,5.521952662721899
2603.12417,econ.GN,2026,225,165,0.7333333333333333,5.334909090909097
2603.12129,cs.AI,2026,217,175,0.8064516129032258,5.467257142857146
2603.12122,physics.soc-ph,2026,158,125,0.7911392405063291,5.3835200000000025
2603.12041,physics.soc-ph,2026,147,106,0.7210884353741497,5.400754716981133
2603.12002,nlin.AO,2026,144,108,0.75,5.485925925925926
2604.22716,q-bio.NC,2026,159,129,0.8113207547169812,5.463798449612407
2604.22275,q-bio.NC,2026,191,137,0.7172774869109948,5.304817518248177
2604.22137,q-bio.NC,2026,178,124,0.6966292134831461,5.5431451612903295
2604.22116,q-bio.NC,2026,246,161,0.6544715447154471,5.335217391304353
2604.21832,q-bio.NC,2026,205,161,0.7853658536585366,5.441677018633544
2604.2178,q-bio.NC,2026,275,216,0.7854545454545454,5.422407407407413
2604.20524,q-bio.NC,2026,160,124,0.775,5.441209677419359
2604.19662,q-bio.NC,2026,232,175,0.7543103448275862,5.3233714285714315
2604.18827,q-bio.NC,2026,205,146,0.7121951219512195,5.630068493150688
2604.1847,math.NA,2026,217,169,0.7788018433179723,5.376213017751481
2604.1796,q-bio.NC,2026,124,93,0.75,5.401182795698928
2604.18643,q-bio.NC,2026,261,194,0.7432950191570882,5.392783505154645
2604.17581,cs.LG,2026,263,188,0.714828897338403,5.559893617021282
2604.17291,q-bio.NC,2026,107,70,0.6542056074766355,5.365000000000001
2604.18637,q-bio.NC,2026,172,135,0.7848837209302325,5.543333333333336
2604.17151,q-bio.NC,2026,107,74,0.6915887850467289,5.506216216216218
2604.16875,cs.LG,2026,196,132,0.673469387755102,5.375227272727271
2604.1671,eess.SY,2026,188,136,0.723404255319149,5.418823529411769
2604.15747,q-bio.NC,2026,172,105,0.6104651162790697,5.430952380952387
2604.15245,q-bio.NC,2026,238,183,0.7689075630252101,5.5001092896174875
2604.14694,q-bio.NC,2026,154,103,0.6688311688311688,5.4701941747572835
2604.14096,q-bio.NC,2026,143,99,0.6923076923076923,5.410707070707073
2604.15374,q-bio.NC,2026,179,119,0.664804469273743,5.5342857142857165
2604.13719,cs.NE,2026,199,135,0.678391959798995,5.353259259259263
2604.13574,cs.CE,2026,212,147,0.6933962264150944,5.323809523809526
2604.13281,cs.NE,2026,234,192,0.8205128205128205,5.580260416666671
2604.12825,q-bio.NC,2026,224,181,0.8080357142857143,5.521878453038682
2604.12683,cs.CV,2026,188,125,0.6648936170212766,5.550720000000001
2604.15363,q-bio.NC,2026,241,175,0.7261410788381742,5.55834285714286
2604.11482,q-bio.NC,2026,252,214,0.8492063492063492,5.463037383177572
2604.11208,q-bio.NC,2026,227,184,0.8105726872246696,5.361739130434792
2604.11178,q-bio.NC,2026,204,136,0.6666666666666666,5.628161764705887
2604.10606,q-bio.NC,2026,293,235,0.8020477815699659,5.467617021276594
2604.10036,q-bio.NC,2026,162,105,0.6481481481481481,5.466476190476193
2604.09911,q-bio.NC,2026,226,172,0.7610619469026548,5.471569767441866
2604.19799,cs.HC,2026,162,120,0.7407407407407407,5.606916666666672
2604.09229,cs.NE,2026,263,176,0.6692015209125475,5.397727272727276
2604.08537,cs.LG,2026,233,168,0.721030042918455,5.512738095238101
2604.08312,math.DS,2026,184,119,0.6467391304347826,5.4984873949579836
2604.18599,stat.AP,2026,176,145,0.8238636363636364,5.390275862068971
2604.07745,cs.AI,2026,127,88,0.6929133858267716,5.290909090909093
2604.07602,cs.NE,2026,269,214,0.7955390334572491,5.483691588785052
2604.07038,cs.RO,2026,202,154,0.7623762376237624,5.399480519480522
2604.16463,q-bio.NC,2026,184,104,0.5652173913043478,5.559807692307696
2604.08604,q-bio.NC,2026,190,164,0.8631578947368421,5.508597560975612
2604.06395,cs.LG,2026,185,126,0.6810810810810811,5.415317460317464
2604.05215,cs.CV,2026,210,126,0.6,5.471507936507938
2604.16434,cs.AI,2026,255,182,0.7137254901960784,5.353846153846161
2604.05042,cs.LG,2026,170,122,0.7176470588235294,5.586065573770498
2604.0477,cs.NE,2026,178,125,0.702247191011236,5.343360000000004
2604.05004,physics.hist-ph,2026,152,107,0.7039473684210527,5.363084112149535
2604.04154,cond-mat.stat-mech,2026,269,203,0.7546468401486989,5.454088669950745
2604.04069,q-bio.NC,2026,255,177,0.6941176470588235,5.360960451977405
2604.04033,q-bio.NC,2026,184,132,0.717391304347826,5.320378787878792
2604.04025,q-bio.NC,2026,235,152,0.6468085106382979,5.52243421052632
2604.0348,q-bio.NC,2026,232,172,0.7413793103448276,5.658604651162791
2604.04958,q-bio.QM,2026,191,131,0.6858638743455497,5.63610687022901
2604.03021,q-bio.NC,2026,158,118,0.7468354430379747,5.342542372881357
2604.14202,q-bio.NC,2026,216,143,0.6620370370370371,5.319440559440562
2604.142,q-bio.NC,2026,291,229,0.7869415807560137,5.378951965065507
2604.08594,q-bio.NC,2026,216,168,0.7777777777777778,5.48744047619048
2604.02212,q-bio.NC,2026,188,143,0.7606382978723404,5.387902097902101
2604.02057,q-bio.NC,2026,189,124,0.656084656084656,5.548548387096776
2604.01475,q-bio.NC,2026,228,136,0.5964912280701754,5.394705882352944
2604.01295,q-bio.NC,2026,238,140,0.5882352941176471,5.440500000000001
2604.14193,cs.CV,2026,113,87,0.7699115044247787,5.5071264367816095
2604.00349,q-bio.NC,2026,189,121,0.6402116402116402,5.639834710743807
2603.30004,q-bio.NC,2026,183,128,0.6994535519125683,5.659140625000004
2603.29903,q-bio.NC,2026,218,129,0.591743119266055,5.5562015503876
2603.29843,q-bio.NC,2026,127,86,0.6771653543307087,5.4774418604651185
2604.08587,q-bio.NC,2026,216,137,0.6342592592592593,5.156058394160585
2603.29617,q-bio.NC,2026,230,165,0.717391304347826,5.534424242424247
2603.29597,q-bio.NC,2026,214,162,0.7570093457943925,5.427098765432102
2603.29176,q-bio.NC,2026,178,124,0.6966292134831461,5.396935483870973
2603.28764,cs.LG,2026,141,96,0.6808510638297872,5.34885416666667
2603.286,q-bio.NC,2026,219,166,0.7579908675799086,5.502771084337352
2603.27926,q-bio.NC,2026,211,151,0.7156398104265402,5.457880794701988
2603.27716,cs.NE,2026,113,83,0.7345132743362832,5.563373493975905
2603.27644,q-bio.NC,2026,243,188,0.7736625514403292,5.590425531914898
2603.27611,cs.AI,2026,240,191,0.7958333333333333,5.38664921465969
2603.27597,cs.AI,2026,108,78,0.7222222222222222,5.345256410256414
2603.2741,q-bio.NC,2026,229,178,0.777292576419214,5.621573033707868
2603.27347,q-bio.NC,2026,267,221,0.8277153558052435,5.428461538461545
2604.14178,cs.AI,2026,211,160,0.7582938388625592,5.518625000000002
2603.27188,cs.NE,2026,210,138,0.6571428571428571,5.405434782608698
2603.2663,physics.bio-ph,2026,181,150,0.8287292817679558,5.362466666666669
2603.26506,q-bio.NC,2026,202,138,0.6831683168316832,5.488043478260871
2603.26267,q-bio.NC,2026,137,99,0.7226277372262774,5.370303030303035
2604.06222,q-bio.NC,2026,184,154,0.8369565217391305,5.2100649350649375
2603.26007,q-bio.NC,2026,240,182,0.7583333333333333,5.324010989010989
2603.25991,eess.SY,2026,225,172,0.7644444444444445,5.451976744186051
2603.25713,q-bio.NC,2026,154,102,0.6623376623376623,5.350686274509806
2603.26811,cs.CV,2026,222,121,0.545045045045045,5.372644628099176
2603.25444,q-bio.NC,2026,169,146,0.863905325443787,5.3783561643835665
2603.2518,q-bio.NC,2026,260,188,0.7230769230769231,5.3661170212765965
2603.24356,q-bio.NC,2026,122,83,0.680327868852459,5.274939759036146
2603.24293,q-bio.NC,2026,265,215,0.8113207547169812,5.5295348837209355
2603.24176,eess.IV,2026,180,114,0.6333333333333333,5.757807017543861
2603.23358,q-bio.NC,2026,169,121,0.7159763313609467,5.450082644628102
2603.23233,q-bio.NC,2026,265,210,0.7924528301886793,5.414476190476193
2603.23082,q-bio.NC,2026,200,149,0.745,5.311677852348996
2603.22933,q-bio.NC,2026,197,150,0.7614213197969543,5.526600000000001
2603.22858,cs.LG,2026,230,152,0.6608695652173913,5.4611842105263175
2603.22705,q-bio.NC,2026,235,177,0.7531914893617021,5.382485875706218
2603.21542,q-bio.NC,2026,71,49,0.6901408450704225,5.33591836734694
2604.00036,q-bio.NC,2026,171,127,0.7426900584795322,5.427637795275589
2603.22357,q-bio.NC,2026,154,115,0.7467532467532467,5.484434782608699
2603.20988,cs.AI,2026,197,151,0.766497461928934,5.4591390728476865
2603.20756,q-bio.NC,2026,117,92,0.7863247863247863,5.43826086956522
2603.2068,q-bio.NC,2026,181,104,0.574585635359116,5.474711538461543
2603.20476,q-bio.NC,2026,213,166,0.7793427230046949,5.413915662650607
2603.19881,q-bio.NC,2026,264,225,0.8522727272727273,5.323066666666672
2603.19761,math.OC,2026,152,94,0.618421052631579,5.447553191489365
2603.19751,math.OC,2026,171,129,0.7543859649122807,5.372558139534887
2603.1969,q-bio.NC,2026,169,108,0.6390532544378699,5.368611111111114
2603.19425,q-bio.NC,2026,168,121,0.7202380952380952,5.2286776859504185
2603.19139,cs.LG,2026,158,109,0.689873417721519,5.542935779816519
2603.22311,q-bio.NC,2026,192,120,0.625,5.458833333333337
2603.18475,math.NA,2026,195,120,0.6153846153846154,5.347916666666668
2603.17947,cs.LG,2026,287,224,0.7804878048780488,5.409866071428576
2603.17676,q-bio.NC,2026,148,111,0.75,5.337657657657659
2603.17392,cs.MA,2026,206,145,0.7038834951456311,5.355310344827591
2603.17306,cs.CL,2026,184,140,0.7608695652173914,5.4762857142857175
2603.26707,cs.CL,2026,243,175,0.720164609053498,5.330685714285717
2603.16741,cs.LG,2026,265,198,0.7471698113207547,5.442272727272732
2603.16501,q-bio.NC,2026,253,173,0.6837944664031621,5.705838150289023
2603.16288,q-bio.NC,2026,239,182,0.7615062761506276,5.186978021978027
2603.16281,cs.LG,2026,197,134,0.6802030456852792,5.49537313432836
2603.16178,q-bio.NC,2026,241,172,0.7136929460580913,5.201627906976751
2603.1932,q-bio.NC,2026,172,123,0.7151162790697675,5.381544715447159
2603.22297,q-bio.NC,2026,125,74,0.592,5.476351351351354
2603.15339,q-bio.NC,2026,218,156,0.7155963302752294,5.48961538461539
2603.15208,q-bio.NC,2026,186,138,0.7419354838709677,5.688405797101455
2603.14597,q-bio.NC,2026,164,100,0.6097560975609756,5.371400000000003
2603.22296,q-bio.NC,2026,153,129,0.8431372549019608,5.399224806201555
2603.14161,cs.LG,2026,158,127,0.8037974683544303,5.51685039370079
2603.13994,cs.CV,2026,226,172,0.7610619469026548,5.626744186046516
2603.24603,q-bio.NC,2026,189,136,0.7195767195767195,5.477647058823532
2603.13478,cs.NE,2026,177,138,0.7796610169491526,5.427681159420292
2603.13126,q-bio.NC,2026,132,100,0.7575757575757576,5.588000000000003
2603.12878,q-bio.NC,2026,152,125,0.8223684210526315,5.203600000000003
2603.12662,q-bio.NC,2026,161,138,0.8571428571428571,5.506884057971016
2603.12628,q-bio.NC,2026,256,185,0.72265625,5.541567567567575
2603.12416,q-bio.NC,2026,231,183,0.7922077922077922,5.445956284153013
2603.11663,q-bio.NC,2026,221,167,0.755656108597285,5.624850299401202
2603.11435,q-bio.NC,2026,116,84,0.7241379310344828,5.670238095238097
2603.11347,q-bio.NC,2026,124,102,0.8225806451612904,5.657941176470588
2603.11248,q-bio.NC,2026,254,192,0.7559055118110236,5.415885416666669
2603.11032,q-bio.NC,2026,247,178,0.7206477732793523,5.556910112359552
2603.11,cs.LG,2026,236,160,0.6779661016949152,5.6090000000000035
2603.10956,q-bio.NC,2026,89,69,0.7752808988764045,5.4760869565217405
2603.10489,q-bio.NC,2026,242,171,0.7066115702479339,5.485204678362579
2603.09765,q-bio.NC,2026,162,124,0.7654320987654321,5.260403225806453
2603.09729,q-bio.NC,2026,232,187,0.8060344827586207,5.6118181818181885
2603.096,q-bio.NC,2026,219,169,0.771689497716895,5.540059171597639
2603.20246,cs.CL,2026,239,148,0.6192468619246861,5.440810810810812
2603.09402,q-bio.NC,2026,178,114,0.6404494382022472,5.331842105263159
2603.09384,cond-mat.dis-nn,2026,175,134,0.7657142857142857,5.432910447761198
2603.09089,stat.CO,2026,183,127,0.6939890710382514,5.4994488188976405
2603.08949,q-bio.NC,2026,117,85,0.7264957264957265,5.521647058823532
2603.08866,q-bio.NC,2026,242,196,0.8099173553719008,5.471428571428574
2603.08409,physics.bio-ph,2026,180,125,0.6944444444444444,5.48704
2603.07369,q-bio.NC,2026,124,93,0.75,5.5577419354838735
2603.07364,q-bio.QM,2026,236,183,0.7754237288135594,5.469453551912571
2603.07275,q-bio.NC,2026,167,118,0.7065868263473054,5.53483050847458
2603.07217,q-bio.NC,2026,235,140,0.5957446808510638,5.32771428571429
2603.12286,q-bio.NC,2026,236,160,0.6779661016949152,5.532312500000003
2603.06816,cs.CL,2026,228,157,0.6885964912280702,5.425159235668794
2603.06557,cs.LG,2026,218,149,0.6834862385321101,5.51906040268457
2603.18028,cs.CY,2026,219,152,0.6940639269406392,5.383355263157898
2603.05612,q-bio.NC,2026,220,169,0.7681818181818182,5.466568047337284
2603.05418,q-bio.NC,2026,202,158,0.7821782178217822,5.50683544303798
2603.04747,q-bio.NC,2026,162,126,0.7777777777777778,5.4051587301587345
2603.04688,q-bio.NC,2026,157,96,0.6114649681528662,5.30375
2603.04622,q-bio.NC,2026,236,155,0.6567796610169492,5.513612903225809
2603.04149,q-bio.NC,2026,263,178,0.6768060836501901,5.482415730337082
2603.0387,q-bio.NC,2026,128,84,0.65625,5.344166666666669
2603.03864,q-bio.NC,2026,148,113,0.7635135135135135,5.321592920353984
2603.03507,cs.LG,2026,254,202,0.7952755905511811,5.43574257425743
2603.03476,q-bio.NC,2026,250,168,0.672,5.5068452380952415
2603.16897,eess.SP,2026,198,155,0.7828282828282829,5.608193548387102
2603.03414,q-bio.NC,2026,164,130,0.7926829268292683,5.528923076923082
2603.03201,cs.NE,2026,179,130,0.7262569832402235,5.643000000000004
2603.0319,cs.AI,2026,162,110,0.6790123456790124,5.687
2603.03037,math.AT,2026,151,95,0.6291390728476821,5.499263157894737
2603.12279,q-bio.NC,2026,228,128,0.5614035087719298,5.481875000000003
2603.02491,cs.LG,2026,175,133,0.76,5.297368421052636
2603.02461,q-bio.NC,2026,197,153,0.7766497461928934,5.452091503267977
2603.01568,cs.LG,2026,196,140,0.7142857142857143,5.454928571428576
2603.01387,q-bio.NC,2026,249,176,0.7068273092369478,5.389602272727276
2603.01184,cs.LG,2026,194,168,0.865979381443299,5.619404761904766
2603.03362,q-bio.NC,2026,154,82,0.5324675324675324,5.536585365853659
2603.03358,q-bio.NC,2026,225,150,0.6666666666666666,5.366800000000005
2603.00213,q-bio.NC,2026,203,130,0.6403940886699507,5.3853076923076975
2603.03355,q-bio.NC,2026,170,100,0.5882352941176471,5.318600000000003
